﻿<?xml version="1.0" encoding="UTF-8" standalone="yes"?>
<addon 
    id="plugin.program.namerepair"
    name="[COLOR red]XBMC[/COLOR] [COLOR white]Plugin Name[/COLOR] [COLOR red]Repair[/COLOR]"
	version="1.0.1" 
    provider-name="[COLOR gold]EmuZONE[/COLOR]">
    <requires>
		<import addon="xbmc.python" version="2.24.0"/>
	</requires>
	<extension point="xbmc.python.pluginsource" library="correction.py">
		<provides>executable</provides>
	</extension>
	<extension point="xbmc.addon.metadata">
		<platform>all</platform>
		<summary>[COLOR white]XBMC Plugin Name Repair[/COLOR]</summary>
		<description>Dieses Plugin überprüft die Namen von anderen AddOns nach Fehlern welche zB. durch falsch dargestellte Umlaute versursacht werden können und den Repository Generator sowie den AddOn Archiver nicht Ordnungsgemäß arbeiten lassen.</description>
		<license></license>
		<language></language>	
		<source></source>
		<email></email>
	</extension>
</addon>
