<?xml version="1.0" encoding="UTF-8"?>
<addon id="plugin.audio.rac"
version="2.3.5"
name="[COLOR red]RAC Music Libary[/COLOR]"
provider-name="EmuZONE - [COLOR black]THE[/COLOR] [COLOR white]FOURTH[/COLOR] [COLOR red]REICH[/COLOR]">
<requires>
  <import addon="xbmc.python" version="2.1.0"/>
</requires>
<extension point="xbmc.python.pluginsource" library="main.py">
  <provides>audio</provides>
</extension>
<extension point="xbmc.addon.metadata">
  <summary lang="de">Rock Against Communism!</summary>
  <description lang="de_DE">Eine ständig wachsende Bibliothek bester Rechtsrock Musik. Bitte bleibt trotz unseres Angebotes Fair und unterstützt die Bands durch Kauf ihrer Alben.</description>
  <description lang="de_DE">Wir empfehlen einen Bezug über folgende Lieferanten [COLOR red]PC-Records[/COLOR] oder [COLOR red]OPOS-Records[/COLOR] Diese Shops sind Seriös und die Bestellte Ware kommt an...</description>
  <disclaimer lang="de_DE">Neue Alben hinzugefügt.</disclaimer>
  <disclaimer lang="de_DE"></disclaimer>
  <disclaimer lang="de_DE">* Uwocaust und alte Freunde</disclaimer>
  <disclaimer lang="de_DE">* Under the Black Sun</disclaimer>
  <disclaimer lang="de_DE">* Landser</disclaimer>
  <disclaimer lang="de_DE">* Stahlgewitter</disclaimer>
  <disclaimer lang="de_DE"></disclaimer>
  <disclaimer lang="de_DE">Album Anfragen werden bitte in unseremForum gestellt: http://worldofwarcry.de/board</disclaimer>
  <assets>
    <icon>icon.png</icon>
    <fanart>fanart.jpg</fanart>    
  </assets>
  <news>Neue Alben integriert...</news>
</extension>
</addon>
