<?xml version="1.0" encoding="UTF-8"?>
<addon id="plugin.audio.radioworld"
version="1.0.1"
name="[COLOR red]The Radio-World[/COLOR]"
provider-name="[COLOR lime]YggDraz1l[/COLOR]">
<requires>
  <import addon="xbmc.python" version="2.1.0"/>
</requires>
<extension point="xbmc.python.pluginsource" library="main.py">
  <provides>audio</provides>
</extension>
<extension point="xbmc.addon.metadata">
  <summary lang="en">Offizielles EmuZONE Radio</summary>
  <description lang="en_GB">Dieses AddOn beinhaltet eine riesige Auswahl an Online Radio Stationen frei Empfagbarer sowie Kostenpfichtigen Sendern. Du brauchst dafuer naturlich nichts bezahlen.</description>
  <disclaimer lang="en_GB"></disclaimer>
  <assets>
    <icon>icon.png</icon>
    <fanart>fanart.jpg</fanart>
    <screenshot>resources\screenshot-01.jpg</screenshot>
    <screenshot>resources\screenshot-02.jpg</screenshot>
    <screenshot>resources\screenshot-03.jpg</screenshot>    
  </assets>
  <news>Updated with latest artwork metadata</news>
</extension>
</addon>
