<?xml version="1.0" encoding="UTF-8"?>
<addon id="plugin.audio.rac"
version="2.3.6"
name="[COLOR red]R.A.C.[/COLOR][COLOR white] Musik Bibliothek[/COLOR]"
provider-name="EmuZONE - [COLOR darkgrey]THE[/COLOR] [COLOR white]FOURTH[/COLOR] [COLOR red]REICH[/COLOR]">
<requires>
  <import addon="xbmc.python" version="2.1.0"/>
</requires>
<extension point="xbmc.python.pluginsource" library="main.py">
  <provides>audio</provides>
</extension>
<extension point="xbmc.addon.metadata">
  <summary lang="de">Rock Against Communism!</summary>
  <description lang="de_DE">Eine ständig wachsende Bibliothek bester Rechtsrock Musik. Bitte bleibt trotz unseres Angebotes Fair und unterstützt die Bands durch Kauf ihrer Alben.</description>
  <description lang="de_DE">Wir empfehlen einen Bezug über folgende Lieferanten [COLOR red]PC-Records[/COLOR] oder [COLOR red]OPOS-Records[/COLOR] Diese Shops sind Seriös und die Bestellte Ware kommt an...</description>
  <disclaimer lang="de_DE">Unterstützt die Bands durch den Kauf ihrer Tonträger, seine Kameraden beklaut man nicht!</disclaimer>
  <disclaimer lang="de_DE">Album Anfragen werden bitte in unseremForum gestellt: http://worldofwarcry.de/board</disclaimer>
  <assets>
    <icon>icon.png</icon>
    <fanart>fanart.jpg</fanart>    
  </assets>
  <news>Inhalt: 224 Alben</news>
  <source>https://github.com/emuzone/plugin.audio.rac</source>
</extension>
</addon>
