<?xml version="1.0" encoding="UTF-8"?>
<addon id="plugin.video.annikaxxx"
version="1.0.1"
name="[COLOR red]Annikas Fickstube[/COLOR]"
provider-name="[COLOR lime]YggDraz1l[/COLOR]">
<requires>
  <import addon="xbmc.python" version="2.1.0"/>
</requires>
<extension point="xbmc.python.pluginsource" library="main.py">
  <provides>video</provides>
</extension>
<extension point="xbmc.addon.metadata">
  <summary lang="en">Massig Porno Clips und Filme</summary>
  <description lang="en_GB">Eine vielzahl an Privaten Fick-Filmen und Professionell Produzierten Porno Filmen.</description>
  <disclaimer lang="en_GB"></disclaimer>
  <assets>
    <icon>icon.png</icon>
    <fanart>fanart.jpg</fanart>
    <screenshot>resources\screenshot-01.jpg</screenshot>
    <screenshot>resources\screenshot-02.jpg</screenshot>
    <screenshot>resources\screenshot-03.jpg</screenshot>    
  </assets>
  <news>Updated with latest artwork metadata</news>
</extension>
</addon>
