<?xml version="1.0" encoding="UTF-8" standalone="yes"?>
<addon id="plugin.audio.radiofsn" name="[COLOR red]RADIO FSN[/COLOR]" version="2.0.1" provider-name="[COLOR red]EmuZONE[/COLOR]">
  <requires>
    <import addon="xbmc.python" version="2.1.0"/>
  </requires>
  <extension point="xbmc.python.pluginsource" library="default.py">
        <provides>audio</provides>
  </extension>
  <extension point="xbmc.addon.metadata">
    <summary>Hören macht frei!</summary>
    <description>Das Kommerzfreie Internet Radio
	
	Radio FSN - Rock
	Radio FSN - Balladen
	Radio FSN - Hardcore
	Radio FSN - Black Metal
	
	
	http://www.radio-fsn.de/</description>
	<website>http://www.radio-fsn.de/</website>
    <platform>all</platform>
  </extension>
</addon>


