﻿<?xml version="1.0" encoding="UTF-8" standalone="yes"?>
<addon id="script.areswizard" name="[COLOR blue]XBMC Ares Wizard[/COLOR]" provider-name="EmuZONE" version="0.0.70">
<requires>
    <import addon="xbmc.python" version="2.1.0"/>
	<import addon="script.module.six" version="1.9.0" optional="true"/>
	<import addon="script.module.arrow" version="0.6.0" optional="true"/>
	<import addon="script.module.requests" version="2.7.0" optional="true"/>
  </requires>
 <extension library="default.py" point="xbmc.python.pluginsource">
 <provides>executable</provides>
 </extension>
  <extension point="xbmc.addon.metadata">
    <summary lang="en">Ares Wizard - Your one stop for Kodi setup + maintenance</summary>
    <description lang="en">Ares Wizard</description>
    <platform>all</platform>
  </extension>
  <extension point="kodi.context.item">
	  <menu id="kodi.core.main">
		<item library="resources/uploadlog.py">
		  <label>Upload Kodi Log via Ares Project</label>
		  <visible>true</visible>
		</item>
	  </menu>
	</extension>
 </addon>