<?xml version="1.0" encoding="UTF-8" standalone="yes"?>
<addon id="plugin.video.classics" name="[COLOR red]Classic Cartoons[/COLOR]" version="2.0.1" provider-name="[COLOR red]EmuZONE[/COLOR]">
  <requires>
    <import addon="xbmc.python" version="2.1.0"/>
  </requires>
  <extension point="xbmc.python.pluginsource" library="default.py">
        <provides>video</provides>
  </extension>
  <extension point="xbmc.addon.metadata">
    <summary>Kostenlose Zeichentrickfilme</summary>
    <description></description>
	<website>http://www.radio-fsn.de/</website>
    <platform>all</platform>
  </extension>
</addon>


