﻿<?xml version="1.0" encoding="UTF-8" standalone="yes"?>
<addon 
    id="plugin.program.repogenerator" 
    name="[COLOR red]XBMC[/COLOR] [COLOR white]Repository Generator[/COLOR]"
	version="1.2.4" 
    provider-name="[COLOR gold]EmuZONE[/COLOR]">
    <requires>
	    <import addon="xbmc.python" version="2.24.0"/>
	</requires>
	<extension point="xbmc.python.pluginsource" library="generator.py">
		<provides>executable</provides>
	</extension>
	<extension point="xbmc.addon.metadata">
	<platform>all</platform>
	<summary>[COLOR white]XBMC Repository Generator[/COLOR]</summary>
	<description>Mit diesem AddOn erstellt man im Handumdrehen seine eigene Repository und hat somit permanenten Zugriff auf seine XBMC Plugins. Wie oft war eine Repo nicht erreichbar oder wurde einfach geschlossen? Nun hast Du das Ruder in der Hand...</description>	
	</extension>
</addon>
