<?xml version="1.0" encoding="UTF-8" standalone="yes"?>
<addon id="plugin.audio.mp3streams" name="[COLOR blue]MP3 Streams Pro[/COLOR]" version="5.7.7" provider-name="[COLOR lime]EmuZONE[/COLOR]">
    <requires>
        <import addon="xbmc.python" version="2.1.0"/>
        <import addon="script.module.t0mm0.common" version="1.1.0"/>
        <import addon="script.module.mutagen"/>
        <import addon="script.module.requests" version="1.1.0"/>
    </requires>
    <extension point="xbmc.python.pluginsource" library="default.py">
        <provides>audio</provides>
    </extension>
    <extension point="xbmc.service" library="playerMP3.py" start="startup" />
    <extension point="xbmc.addon.metadata">
        <platform>all</platform>
        <summary>Riesige MP3 Datenbank</summary>
        <description>Mit diesm Plugin erhälst Du Zugriff auf eine riesige MP3 Datenbank, zahlreiche Compilations, Alben oder einzelnen Titeln deiner Liblings Musiker. Sichere diese für einen späteren und schnelleren Zugriff als Favorit oder füge sie eigenen Wiedergabelisten hinzu.</description>
        <news>Download Option repariert</news>
        <assets>
            <icon>icon.png</icon>
            <fanart>fanart.jpg</fanart>
        </assets>
    </extension>
</addon>
